"DATA","VALOR","RECEITA"
2016-02-04 00:00:00.000,"34.4000",1
2016-02-04 00:00:00.000,"34.4000",1
2016-02-12 00:00:00.000,"250.0000",1
2016-02-12 00:00:00.000,"1751.1500",1
2016-02-12 00:00:00.000,"641.3500",1
2016-02-12 00:00:00.000,"88.6500",1
2016-02-12 00:00:00.000,"88.6500",1
2016-02-12 00:00:00.000,"800.0000",1
2016-02-12 00:00:00.000,"480.8500",1
2016-02-12 00:00:00.000,"242.3500",1
2016-02-12 00:00:00.000,"244.2800",1
2016-02-12 00:00:00.000,"1475.3200",1
2016-02-12 00:00:00.000,"1475.3200",1
2016-02-12 00:00:00.000,"1475.3200",1
2016-02-15 00:00:00.000,"147.5000",1
2016-02-15 00:00:00.000,"80.0000",1
2016-02-15 00:00:00.000,"198.1000",1
2016-02-15 00:00:00.000,"40.0000",1
2016-02-15 00:00:00.000,"339.7000",1
2016-02-15 00:00:00.000,"285.5500",1
2016-02-16 00:00:00.000,"1000.0000",1
2016-02-16 00:00:00.000,"1116.1000",1
2016-02-16 00:00:00.000,"1116.1000",1
2016-02-17 00:00:00.000,"1000.6000",1
2016-02-17 00:00:00.000,"17.2000",1
2016-02-17 00:00:00.000,"204.0000",1
2016-02-17 00:00:00.000,"324.0000",1
2016-02-17 00:00:00.000,"890.5500",1
2016-02-17 00:00:00.000,"690.6300",1
2016-02-18 00:00:00.000,"65.7000",1
2016-02-18 00:00:00.000,"65.7000",1
2016-02-18 00:00:00.000,"66.9500",1
2016-02-18 00:00:00.000,"65.7000",1
2016-02-22 00:00:00.000,"159.4500",1
2016-04-05 00:00:00.000,"65.7000",1
2016-04-05 00:00:00.000,"65.7000",1
2016-04-06 00:00:00.000,"88.6500",1
2016-04-06 00:00:00.000,"319.6000",1
2016-04-06 00:00:00.000,"2593.0000",1
2016-04-07 00:00:00.000,"2344.0000",1
2016-04-07 00:00:00.000,"2344.0000",1
2016-04-07 00:00:00.000,"1870.3500",1
2016-04-07 00:00:00.000,"1870.3500",1
2016-04-07 00:00:00.000,"465.0200",1
2016-04-26 00:00:00.000,"1582.2000",1
2016-04-26 00:00:00.000,"1945.3000",1
2016-04-26 00:00:00.000,"1945.3000",1
2016-04-26 00:00:00.000,"3700.2100",1
2016-10-19 00:00:00.000,"65.4800",1
2016-10-20 00:00:00.000,"1133.1600",1
2016-10-20 00:00:00.000,"1000.0000",1
2016-10-20 00:00:00.000,"1.8400",1
2016-10-20 00:00:00.000,"133.1600",1
2016-10-24 00:00:00.000,"67.8300",1
2016-10-24 00:00:00.000,"67.8300",1
2016-10-25 00:00:00.000,"67.8300",1
2016-10-25 00:00:00.000,"67.8300",1
2016-10-25 00:00:00.000,"65.4800",1
2016-10-25 00:00:00.000,"65.4800",1
2016-10-25 00:00:00.000,"67.8300",1
2016-10-25 00:00:00.000,"67.8300",1
2016-10-26 00:00:00.000,"67.8300",1
2016-10-26 00:00:00.000,"67.8300",1
2016-11-11 00:00:00.000,"6847.3600",1
2016-11-11 00:00:00.000,"2625.7500",1
2016-11-11 00:00:00.000,"2625.7500",1
2016-11-23 00:00:00.000,"2154.5400",1
2016-11-23 00:00:00.000,"2779.4500",1
2016-11-23 00:00:00.000,"2154.5400",1
2016-11-23 00:00:00.000,"2779.4500",1
2016-11-23 00:00:00.000,"2909.4000",1
2016-11-23 00:00:00.000,"2909.4000",1
2016-11-23 00:00:00.000,"383.6000",1
2016-11-23 00:00:00.000,"211.8000",1
2016-11-24 00:00:00.000,"6847.3600",1
2016-11-24 00:00:00.000,"318.8000",1
2016-11-24 00:00:00.000,"3187.0800",1
2016-11-24 00:00:00.000,"3187.0800",1
2016-11-24 00:00:00.000,"1847.6000",1
2016-11-24 00:00:00.000,"1847.6000",1
2016-11-25 00:00:00.000,"1274.8900",1
2016-11-25 00:00:00.000,"283.8200",1
2016-11-25 00:00:00.000,"45.6500",1
2016-11-25 00:00:00.000,"45.6500",1
2016-11-25 00:00:00.000,"991.0700",1
2016-11-30 00:00:00.000,"147.3000",1
2016-11-30 00:00:00.000,"170.4500",1
2016-12-01 00:00:00.000,"170.4500",1
2016-12-01 00:00:00.000,"19.2100",1
2016-12-01 00:00:00.000,"1197.1300",1
2016-12-01 00:00:00.000,"19.2100",1
2016-12-01 00:00:00.000,"1197.1300",1
2016-12-01 00:00:00.000,"1069.4900",1
2016-12-01 00:00:00.000,"1069.4900",1
2016-12-01 00:00:00.000,"1069.4900",1
2016-12-01 00:00:00.000,"1069.4900",1
2016-12-01 00:00:00.000,"1069.4900",1
2016-12-01 00:00:00.000,"1069.4900",1
2016-12-01 00:00:00.000,"481.3800",1
2016-12-02 00:00:00.000,"2321.3600",1
2016-12-02 00:00:00.000,"3673.7000",1
2016-12-02 00:00:00.000,"2321.3600",1
2016-12-02 00:00:00.000,"3673.7000",1
2016-12-02 00:00:00.000,"25.6200",1
2016-12-02 00:00:00.000,"25.6200",1
2016-12-02 00:00:00.000,"7287.3100",1
2016-12-05 00:00:00.000,"8.5400",1
2016-12-05 00:00:00.000,"7290.3500",1
2016-12-05 00:00:00.000,"13.2600",1
2016-12-05 00:00:00.000,"13.2600",1
2016-12-05 00:00:00.000,"9337.9300",1
2016-12-05 00:00:00.000,"9337.9300",1
2016-12-05 00:00:00.000,"208.7700",1
2016-12-06 00:00:00.000,"208.7700",1
2016-12-06 00:00:00.000,"184.9000",1
2016-12-06 00:00:00.000,"184.9000",1
2016-12-06 00:00:00.000,"184.9100",1
2016-12-06 00:00:00.000,"184.9000",1
2016-12-06 00:00:00.000,"184.9000",1
2016-12-06 00:00:00.000,"184.9100",1
2016-12-06 00:00:00.000,"63.8500",1
2016-12-06 00:00:00.000,"63.8500",1
2016-12-07 00:00:00.000,"737.9600",1
2016-12-07 00:00:00.000,"737.9600",1
2016-12-07 00:00:00.000,"737.9500",1
2016-12-07 00:00:00.000,"76.2000",1
2016-12-07 00:00:00.000,"20.2200",1
2016-12-08 00:00:00.000,"737.9600",1
2016-12-08 00:00:00.000,"737.9600",1
2016-12-08 00:00:00.000,"737.9500",1
2016-12-08 00:00:00.000,"76.2000",1
2016-12-08 00:00:00.000,"20.2200",1
2016-12-08 00:00:00.000,"149.9500",1
2016-12-08 00:00:00.000,"149.9500",1
2016-12-09 00:00:00.000,"6270.5500",1
2016-12-09 00:00:00.000,"6270.5500",1
2016-12-09 00:00:00.000,"1918.4900",1
2016-12-09 00:00:00.000,"1918.4900",1
2016-12-09 00:00:00.000,"158.0000",1
2016-12-12 00:00:00.000,"60.5000",1
2016-12-12 00:00:00.000,"60.5000",1
2016-12-12 00:00:00.000,"6482.5500",1
2016-12-12 00:00:00.000,"3000.0000",1
2016-12-12 00:00:00.000,"35.9800",1
2016-12-12 00:00:00.000,"18.6400",1
2016-12-12 00:00:00.000,"18.6400",1
2016-12-12 00:00:00.000,"342.9400",1
2016-12-12 00:00:00.000,"317.3200",1
2016-12-12 00:00:00.000,"54.2500",1
2016-12-12 00:00:00.000,"54.2500",1
2016-12-12 00:00:00.000,"17.9000",1
2016-12-12 00:00:00.000,"17.9000",1
2016-12-12 00:00:00.000,"3482.5500",1
2016-12-15 00:00:00.000,"54.2500",1
2016-12-15 00:00:00.000,"13770.9200",1
2016-12-15 00:00:00.000,"13770.9200",1
2016-12-15 00:00:00.000,"1816.6100",1
2016-12-15 00:00:00.000,"1816.6100",1
2016-12-15 00:00:00.000,"339.2900",1
2016-12-15 00:00:00.000,"348.8500",1
2016-12-15 00:00:00.000,"89.8000",1
2016-12-15 00:00:00.000,"89.8000",1
2016-12-15 00:00:00.000,"89.8000",1
2016-12-15 00:00:00.000,"91.9600",1
2016-12-15 00:00:00.000,"91.9600",1
2016-12-15 00:00:00.000,"91.9600",1
2016-12-16 00:00:00.000,"261.6300",1
2016-12-16 00:00:00.000,"261.6300",1
2016-12-19 00:00:00.000,"1890.6000",1
2016-12-19 00:00:00.000,"1890.6000",1
2016-12-19 00:00:00.000,"223.1500",1
2016-12-19 00:00:00.000,"223.1500",1
2016-12-19 00:00:00.000,"236.9800",1
2016-12-19 00:00:00.000,"236.9800",1
2016-12-20 00:00:00.000,"310.1300",1
2016-12-20 00:00:00.000,"310.1300",1
2016-12-20 00:00:00.000,"225.8000",1
2016-12-20 00:00:00.000,"225.8000",1
2016-12-20 00:00:00.000,"314.2900",1
2016-12-20 00:00:00.000,"314.2900",1
2016-12-20 00:00:00.000,"106.1500",1
2016-12-20 00:00:00.000,"61.4000",1
2016-12-27 00:00:00.000,"13251.2800",1
2016-12-27 00:00:00.000,"13251.2800",1
2016-12-28 00:00:00.000,"13482.2600",1
2016-12-30 00:00:00.000,"13482.2600",1
2016-12-30 00:00:00.000,"666.3100",1
2016-12-30 00:00:00.000,"666.3100",1
2017-01-03 00:00:00.000,"8.9500",1
2017-01-05 00:00:00.000,"8.9500",1
2017-01-05 00:00:00.000,"210.7700",1
2017-01-05 00:00:00.000,"210.7700",1
2017-01-05 00:00:00.000,"3431.3900",1
2017-01-05 00:00:00.000,"3431.3900",1
2017-01-05 00:00:00.000,"273.6000",1
2017-01-05 00:00:00.000,"273.6000",1
2017-01-05 00:00:00.000,"273.6000",1
2017-01-05 00:00:00.000,"273.6000",1
2017-01-05 00:00:00.000,"273.6000",1
2017-01-05 00:00:00.000,"273.6000",1
2017-01-05 00:00:00.000,"2226.8000",1
2017-01-05 00:00:00.000,"242.8000",1
2017-01-05 00:00:00.000,"242.8000",1
2017-01-05 00:00:00.000,"1385.0500",1
2017-01-13 00:00:00.000,"113.6000",1
2017-01-13 00:00:00.000,"113.6000",1
2017-01-16 00:00:00.000,"840.4000",1
2017-01-27 00:00:00.000,"916.0800",1
2017-01-27 00:00:00.000,"916.0800",1
2017-01-27 00:00:00.000,"960.6200",1
2017-01-27 00:00:00.000,"1595.1900",1
2017-02-03 00:00:00.000,"5223.8300",1
2017-02-03 00:00:00.000,"5223.8300",1
2017-02-03 00:00:00.000,"592.3400",1
2017-02-06 00:00:00.000,"89.4000",1
2017-02-06 00:00:00.000,"131.0000",1
2017-02-06 00:00:00.000,"131.0000",1
2017-02-06 00:00:00.000,"89.4000",1
2017-02-16 00:00:00.000,"6778.8800",1
2017-02-16 00:00:00.000,"6778.8800",1
2017-02-16 00:00:00.000,"660.7000",1
2017-02-16 00:00:00.000,"660.7000",1
2017-02-22 00:00:00.000,"3154.5600",1
2017-02-22 00:00:00.000,"3154.5600",1
2017-02-22 00:00:00.000,"1594.1400",1
2017-02-22 00:00:00.000,"1594.1400",1
2017-02-24 00:00:00.000,"4165.0400",1
2017-02-24 00:00:00.000,"4165.0400",1
2017-03-10 00:00:00.000,"371.4400",1
2017-03-10 00:00:00.000,"3145.9300",1
2017-03-10 00:00:00.000,"2898.5900",1
2017-03-10 00:00:00.000,"2688.4000",1
2017-03-10 00:00:00.000,"2688.4000",1
2017-03-10 00:00:00.000,"31.8900",1
2017-03-10 00:00:00.000,"371.4400",1
2017-03-10 00:00:00.000,"122.9000",1
2017-03-10 00:00:00.000,"54.1500",1
2017-03-10 00:00:00.000,"271.6400",1
2017-03-10 00:00:00.000,"247.3400",1
2017-03-16 00:00:00.000,"1997.3800",1
2017-03-16 00:00:00.000,"271.6400",1
2017-03-16 00:00:00.000,"271.6400",1
2017-03-16 00:00:00.000,"1997.3800",1
2017-03-16 00:00:00.000,"2763.7400",1
2017-03-16 00:00:00.000,"2828.2200",1
2017-03-16 00:00:00.000,"466.0300",1
2017-03-16 00:00:00.000,"488.9500",1
2017-03-16 00:00:00.000,"488.9500",1
2017-03-16 00:00:00.000,"613.7100",1
2017-03-16 00:00:00.000,"613.7100",1
2017-03-16 00:00:00.000,"22479.9300",1
2017-03-16 00:00:00.000,"216.4500",1
2017-03-17 00:00:00.000,"121.4700",1
2017-03-17 00:00:00.000,"367.7800",1
2017-03-17 00:00:00.000,"4.9600",1
2017-03-17 00:00:00.000,"4.9600",1
2017-03-17 00:00:00.000,"4.0800",1
2017-03-17 00:00:00.000,"4.0800",1
2017-03-17 00:00:00.000,"367.7800",1
2017-03-17 00:00:00.000,"6383.5900",1
2017-03-21 00:00:00.000,"945.0100",1
2017-03-21 00:00:00.000,"945.0100",1
2017-03-21 00:00:00.000,"24517.8200",1
2017-03-21 00:00:00.000,"24517.8200",1
2017-03-21 00:00:00.000,"28676.6500",1
2017-03-21 00:00:00.000,"29162.2100",1
2017-03-21 00:00:00.000,"30662.6300",1
2017-03-21 00:00:00.000,"30662.6300",1
2017-03-21 00:00:00.000,"981.1500",1
2017-03-21 00:00:00.000,"818.0000",1
2017-03-21 00:00:00.000,"18489.7800",1
2017-03-21 00:00:00.000,"3756.5300",1
2017-03-21 00:00:00.000,"3756.5300",1
2017-03-21 00:00:00.000,"3756.5300",1
2017-03-21 00:00:00.000,"18489.7800",1
2017-03-21 00:00:00.000,"3756.5300",1
2017-03-21 00:00:00.000,"3756.5300",1
2017-03-21 00:00:00.000,"3756.5300",1
2017-03-21 00:00:00.000,"863.3400",1
2017-03-21 00:00:00.000,"1607.1500",1
2017-03-22 00:00:00.000,"1618.6600",1
2017-03-22 00:00:00.000,"863.3400",1
2017-03-22 00:00:00.000,"5102.2500",1
2017-03-22 00:00:00.000,"2943.3400",1
2017-03-22 00:00:00.000,"372.9800",1
2017-03-22 00:00:00.000,"372.9700",1
2017-03-22 00:00:00.000,"151.6100",1
2017-03-22 00:00:00.000,"151.6000",1
2017-03-22 00:00:00.000,"384.3200",1
2017-03-22 00:00:00.000,"384.3100",1
2017-03-22 00:00:00.000,"2943.3400",1
2017-03-22 00:00:00.000,"151.6100",1
2017-03-22 00:00:00.000,"5102.2500",1
2017-03-22 00:00:00.000,"3756.1500",1
2017-03-22 00:00:00.000,"2.4800",1
2017-03-22 00:00:00.000,"2198.7400",1
2017-03-22 00:00:00.000,"2198.7300",1
2017-03-22 00:00:00.000,"935.1600",1
2017-03-22 00:00:00.000,"276.8400",1
2017-03-28 00:00:00.000,"6011.8500",1
2017-03-28 00:00:00.000,"6011.8500",1
2017-03-30 00:00:00.000,"926.0200",1
2017-03-30 00:00:00.000,"926.0200",1
2017-04-05 00:00:00.000,"499.4000",1
2017-04-07 00:00:00.000,"996.1600",1
2017-04-20 00:00:00.000,"4.8700",1
2017-04-20 00:00:00.000,"960.6000",1
2017-04-20 00:00:00.000,"1105.5700",1
2017-04-20 00:00:00.000,"623.5200",1
2017-04-20 00:00:00.000,"1283.5200",1
2017-04-20 00:00:00.000,"1099.3100",1
2017-04-24 00:00:00.000,"1275.6000",1
2017-04-24 00:00:00.000,"335.3000",1
2017-04-24 00:00:00.000,"127.8500",1
2017-04-24 00:00:00.000,"779.3000",1
2017-04-24 00:00:00.000,"779.3000",1
2017-04-24 00:00:00.000,"335.3000",1
2017-04-24 00:00:00.000,"127.8500",1
2017-04-24 00:00:00.000,"143.5300",1
2017-04-24 00:00:00.000,"146.1900",1
2017-04-24 00:00:00.000,"798.3300",1
2017-04-24 00:00:00.000,"798.3300",1
2017-04-24 00:00:00.000,"95.1500",1
2017-04-24 00:00:00.000,"500.0000",1
2017-04-24 00:00:00.000,"1471.6900",1
2017-04-25 00:00:00.000,"200.2500",1
2017-04-25 00:00:00.000,"200.2500",1
2017-04-25 00:00:00.000,"551.9000",1
2017-04-25 00:00:00.000,"641.2800",1
2017-04-25 00:00:00.000,"1203.0600",1
2017-04-25 00:00:00.000,"561.2200",1
2017-04-25 00:00:00.000,"1203.0600",1
2017-04-25 00:00:00.000,"631.1500",1
2017-04-25 00:00:00.000,"1150.1700",1
2017-04-25 00:00:00.000,"1155.1700",1
2017-04-26 00:00:00.000,"1075.7000",1
2017-04-26 00:00:00.000,"1075.7000",1
2017-04-26 00:00:00.000,"2670.4900",1
2017-04-26 00:00:00.000,"136.2900",1
2017-04-26 00:00:00.000,"2549.1800",1
2017-04-27 00:00:00.000,"1964.1500",1
2017-04-27 00:00:00.000,"1500.1500",1
2017-04-27 00:00:00.000,"886.2200",1
2017-04-27 00:00:00.000,"154.2800",1
2017-04-27 00:00:00.000,"886.2200",1
2017-04-27 00:00:00.000,"154.2800",1
2017-04-27 00:00:00.000,"345.0300",1
2017-04-27 00:00:00.000,"104.3600",1
2017-04-27 00:00:00.000,"104.3600",1
2017-04-27 00:00:00.000,"54.1100",1
2017-04-27 00:00:00.000,"1087.4800",1
2017-04-27 00:00:00.000,"709.5000",1
2017-04-27 00:00:00.000,"1089.0800",1
2017-04-27 00:00:00.000,"539.8500",1
2017-04-27 00:00:00.000,"527.9200",1
2017-04-27 00:00:00.000,"1441.7400",1
2017-04-27 00:00:00.000,"991.8600",1
2017-04-27 00:00:00.000,"894.2100",1
2017-04-27 00:00:00.000,"709.5000",1
2017-04-27 00:00:00.000,"464.0000",1
2017-04-27 00:00:00.000,"99.1100",1
2017-04-27 00:00:00.000,"560.2300",1
2017-05-02 00:00:00.000,"143.4600",1
2017-05-04 00:00:00.000,"367.7600",1
2017-05-04 00:00:00.000,"367.7600",1
2017-05-04 00:00:00.000,"148.1200",1
2017-05-04 00:00:00.000,"1875.4600",1
2017-05-04 00:00:00.000,"84.6000",1
2017-05-04 00:00:00.000,"986.5800",1
2017-05-04 00:00:00.000,"262.1000",1
2017-05-04 00:00:00.000,"938.9700",1
2017-05-05 00:00:00.000,"246.8200",1
2017-05-05 00:00:00.000,"333.7300",1
2017-05-05 00:00:00.000,"333.7300",1
2017-05-23 00:00:00.000,"196.0900",1
2017-05-23 00:00:00.000,"150.9600",1
2017-05-23 00:00:00.000,"150.9600",1
2017-05-24 00:00:00.000,"1463.9600",1
2017-05-24 00:00:00.000,"932.9800",1
2017-05-25 00:00:00.000,"79.2900",1
2017-05-25 00:00:00.000,"587.3100",1
2017-05-25 00:00:00.000,"79.2900",1
2017-05-25 00:00:00.000,"12.5800",1
2017-05-25 00:00:00.000,"73.3400",1
2017-05-26 00:00:00.000,"12.5800",1
2017-05-26 00:00:00.000,"227.0200",1
2017-05-31 00:00:00.000,"16.9800",1
2017-06-01 00:00:00.000,"1064.1200",1
2017-06-01 00:00:00.000,"3878.6700",1
2017-06-01 00:00:00.000,"3878.6700",1
2017-06-01 00:00:00.000,"7.5200",1
2017-06-01 00:00:00.000,"16.9800",1
2017-06-01 00:00:00.000,"322.7500",1
2017-06-01 00:00:00.000,"322.7500",1
2017-06-01 00:00:00.000,"1796.3000",1
2017-06-02 00:00:00.000,"533.5100",1
2017-06-02 00:00:00.000,"695.6800",1
2017-06-02 00:00:00.000,"533.5100",1
2017-06-02 00:00:00.000,"1192.7200",1
2017-06-02 00:00:00.000,"73.0300",1
2017-06-02 00:00:00.000,"1113.7700",1
2017-06-02 00:00:00.000,"73.0300",1
2017-06-02 00:00:00.000,"30.7000",1
2017-06-02 00:00:00.000,"1113.7700",1
2017-06-02 00:00:00.000,"2395.6900",1
2017-06-02 00:00:00.000,"1993.4100",1
2017-06-05 00:00:00.000,"133.5000",1
2017-06-05 00:00:00.000,"284.8600",1
2017-06-05 00:00:00.000,"46.8500",1
2017-06-05 00:00:00.000,"46.8500",1
2017-06-05 00:00:00.000,"76.8400",1
2017-06-05 00:00:00.000,"76.8400",1
2017-06-05 00:00:00.000,"93.7000",1
2017-06-06 00:00:00.000,"110.3000",1
2017-06-06 00:00:00.000,"110.3000",1
2017-06-06 00:00:00.000,"126.6900",1
2017-06-06 00:00:00.000,"77.7800",1
2017-06-06 00:00:00.000,"77.7700",1
2017-06-06 00:00:00.000,"3049.3500",1
2017-06-06 00:00:00.000,"1034.2100",1
2017-06-06 00:00:00.000,"2999.3500",1
2017-06-06 00:00:00.000,"1034.2100",1
2017-06-06 00:00:00.000,"48.6500",1
2017-06-06 00:00:00.000,"214.2500",1
2017-06-06 00:00:00.000,"1700.0100",1
2017-06-06 00:00:00.000,"1807.1600",1
2017-06-06 00:00:00.000,"214.2500",1
2017-06-06 00:00:00.000,"50.0000",1
2017-12-15 00:00:00.000,"131.8800",1
2017-12-18 00:00:00.000,"83.1000",1
2017-12-18 00:00:00.000,"83.1000",1
2017-12-18 00:00:00.000,"148.5100",1
2017-12-18 00:00:00.000,"148.5100",1
2017-12-18 00:00:00.000,"52.8900",1
2017-12-18 00:00:00.000,"52.8900",1
2017-12-18 00:00:00.000,"52.8900",1
2017-12-18 00:00:00.000,"52.8900",1
2017-12-19 00:00:00.000,"100.1500",1
2017-12-19 00:00:00.000,"223.6200",1
2017-12-19 00:00:00.000,"100.1500",1
2017-12-19 00:00:00.000,"223.6200",1
2017-12-20 00:00:00.000,"839.1600",1
2017-12-20 00:00:00.000,"839.1600",1
2017-12-20 00:00:00.000,"559.1500",1
2017-12-21 00:00:00.000,"559.1500",1
2017-12-21 00:00:00.000,"1062.4600",1
2017-12-21 00:00:00.000,"1062.4600",1
2017-12-21 00:00:00.000,"193.9100",1
2017-12-21 00:00:00.000,"99.9100",1
2017-12-21 00:00:00.000,"43.0500",1
2017-12-21 00:00:00.000,"38.0500",1
2017-12-21 00:00:00.000,"5.0000",1
2017-12-21 00:00:00.000,"94.0000",1
2017-12-21 00:00:00.000,"18.5900",1
2017-12-21 00:00:00.000,"133.5900",1
2017-12-21 00:00:00.000,"133.5900",1
2017-12-21 00:00:00.000,"129.2600",1
2017-12-21 00:00:00.000,"586.2200",1
2017-12-21 00:00:00.000,"129.2600",1
2017-12-21 00:00:00.000,"586.2200",1
2017-12-21 00:00:00.000,"133.5900",1
2017-12-21 00:00:00.000,"133.5900",1
2017-12-21 00:00:00.000,"167.4100",1
2017-12-21 00:00:00.000,"167.4100",1
2017-12-22 00:00:00.000,"403.5800",1
2017-12-28 00:00:00.000,"135.0500",1
2017-12-29 00:00:00.000,"581.9300",1
2018-01-02 00:00:00.000,"581.9300",1
2018-01-02 00:00:00.000,"296.0700",1
2018-01-02 00:00:00.000,"265.0300",1
2018-01-02 00:00:00.000,"265.0300",1
2018-01-02 00:00:00.000,"509.4600",1
2018-01-02 00:00:00.000,"509.4600",1
2018-01-02 00:00:00.000,"296.0700",1
2018-01-02 00:00:00.000,"303.0300",1
2018-01-02 00:00:00.000,"297.6800",1
2018-01-16 00:00:00.000,"3591.2500",1
2018-01-16 00:00:00.000,"174.7600",1
2018-01-16 00:00:00.000,"156.5800",1
2018-01-16 00:00:00.000,"77.9500",1
2018-03-01 00:00:00.000,"837.8100",1
2018-03-01 00:00:00.000,"452.7100",1
2018-03-01 00:00:00.000,"339.7900",1
2018-03-01 00:00:00.000,"837.8100",1
2018-03-01 00:00:00.000,"112.9200",1
2018-03-09 00:00:00.000,"213.0200",1
2018-03-09 00:00:00.000,"213.0200",1
2018-03-12 00:00:00.000,"321.2600",1
2018-03-12 00:00:00.000,"321.2600",1
2018-03-12 00:00:00.000,"414.3900",1
2018-05-03 00:00:00.000,"66.3700",1
2018-05-03 00:00:00.000,"1035.1000",1
2018-05-03 00:00:00.000,"1035.1000",1
2018-05-03 00:00:00.000,"50.5800",1
2018-05-03 00:00:00.000,"790.0100",1
2018-05-03 00:00:00.000,"246.9700",1
2018-05-03 00:00:00.000,"190.0000",1
2018-05-04 00:00:00.000,"98.0900",1
2018-05-04 00:00:00.000,"98.0900",1
2018-05-04 00:00:00.000,"790.0100",1
2018-05-15 00:00:00.000,"91.5100",1
2018-05-15 00:00:00.000,"91.5100",1
2018-05-16 00:00:00.000,"160.7500",1
2018-05-16 00:00:00.000,"160.7500",1
2018-05-16 00:00:00.000,"391.6700",1
2018-05-16 00:00:00.000,"1651.1700",1
2018-05-16 00:00:00.000,"91.6700",1
2018-05-16 00:00:00.000,"300.0000",1
2018-05-16 00:00:00.000,"215.4700",1
2018-05-16 00:00:00.000,"45.3600",1
2018-05-16 00:00:00.000,"45.3600",1
2018-05-17 00:00:00.000,"1631.5000",1
2018-05-21 00:00:00.000,"5.7800",1
2018-05-21 00:00:00.000,"107.5600",1
2018-05-21 00:00:00.000,"166.0300",1
2018-05-21 00:00:00.000,"97.1000",1
2018-05-21 00:00:00.000,"97.1000",1
2018-05-21 00:00:00.000,"166.0300",1
2018-05-21 00:00:00.000,"163.1500",1
2018-05-21 00:00:00.000,"65.2600",1
2018-05-21 00:00:00.000,"97.8900",1
2018-05-22 00:00:00.000,"2405.8800",1
2018-05-22 00:00:00.000,"2405.8800",1
2018-05-22 00:00:00.000,"2405.8800",1
2018-05-22 00:00:00.000,"2405.8800",1
2018-05-22 00:00:00.000,"2405.8800",1
2018-05-22 00:00:00.000,"2405.8800",1
2018-05-22 00:00:00.000,"166.0300",1
2018-05-22 00:00:00.000,"499.4000",1
2018-05-22 00:00:00.000,"499.1400",1
2018-05-22 00:00:00.000,"91.0000",1
2018-05-22 00:00:00.000,"166.2900",1
2018-05-22 00:00:00.000,"25.2900",1
2018-05-22 00:00:00.000,"1795.6300",1
2018-05-22 00:00:00.000,"825.5900",1
2018-05-22 00:00:00.000,"107.7400",1
2018-05-23 00:00:00.000,"1501.0000",1
2018-05-23 00:00:00.000,"1350.9000",1
2018-05-23 00:00:00.000,"150.1000",1
2018-05-23 00:00:00.000,"31718.4600",1
2018-05-23 00:00:00.000,"31718.4600",1
2018-05-23 00:00:00.000,"7929.5700",1
2018-05-23 00:00:00.000,"38.0600",1
2018-05-23 00:00:00.000,"4209.9600",1
2018-05-23 00:00:00.000,"25.2900",1
2018-05-23 00:00:00.000,"897.8100",1
2018-05-23 00:00:00.000,"825.5800",1
2018-05-23 00:00:00.000,"107.7300",1
2018-05-23 00:00:00.000,"18671.8800",1
2018-05-23 00:00:00.000,"18671.8800",1
2018-05-23 00:00:00.000,"897.8100",1
2018-05-23 00:00:00.000,"617.7600",1
2018-05-23 00:00:00.000,"617.7600",1
2018-05-24 00:00:00.000,"26030.7000",1
2018-05-24 00:00:00.000,"617.7600",1
2018-05-24 00:00:00.000,"76045.0700",1
2018-05-24 00:00:00.000,"76045.0700",1
2018-05-24 00:00:00.000,"81508.0000",1
2018-05-24 00:00:00.000,"104283.3000",1
2018-05-24 00:00:00.000,"81508.0000",1
2018-05-24 00:00:00.000,"27359.7800",1
2018-05-24 00:00:00.000,"14070.0000",1
2018-05-24 00:00:00.000,"62853.5200",1
2018-05-25 00:00:00.000,"34091.6100",1
2018-05-25 00:00:00.000,"34091.6100",1
2018-05-25 00:00:00.000,"996.3000",1
2018-05-25 00:00:00.000,"498.1500",1
2018-05-25 00:00:00.000,"498.1500",1
2018-05-25 00:00:00.000,"6864.0000",1
2018-05-25 00:00:00.000,"6864.0000",1
2018-05-28 00:00:00.000,"1867.0000",1
2018-05-28 00:00:00.000,"933.5000",1
2018-05-28 00:00:00.000,"53278.5400",1
2018-05-28 00:00:00.000,"466.7500",1
2018-05-28 00:00:00.000,"466.7500",1
2018-06-06 00:00:00.000,"130.4000",1
2018-07-12 00:00:00.000,"1867.0000",1
2018-07-12 00:00:00.000,"1867.0000",1
2018-07-12 00:00:00.000,"359.0000",1
2018-07-20 00:00:00.000,"104283.3000",1
2018-07-20 00:00:00.000,"99283.3000",1
2018-07-20 00:00:00.000,"5000.0000",1
2018-07-20 00:00:00.000,"500.0000",1
2018-07-20 00:00:00.000,"593.0000",1
2018-07-20 00:00:00.000,"1407.0000",1
2018-07-20 00:00:00.000,"100.0000",1
2018-07-24 00:00:00.000,"7338.0000",1
2018-07-24 00:00:00.000,"14676.0000",1
2018-07-24 00:00:00.000,"14676.0000",1
2018-07-24 00:00:00.000,"7338.0000",1
2018-07-24 00:00:00.000,"7338.0000",1
2018-07-24 00:00:00.000,"156900.0000",1
2018-07-24 00:00:00.000,"156900.0000",1
2018-07-24 00:00:00.000,"627600.0000",1
2018-07-24 00:00:00.000,"627600.0000",1
2018-07-24 00:00:00.000,"1015.5500",1
2018-07-24 00:00:00.000,"1015.5500",1
2018-07-24 00:00:00.000,"14676.0000",1
2018-07-24 00:00:00.000,"150000.0000",1
2018-07-31 00:00:00.000,"8805.6000",1
2018-07-31 00:00:00.000,"8805.6000",1
2018-07-31 00:00:00.000,"185796.9900",1
2018-07-31 00:00:00.000,"14676.0000",1
2018-07-31 00:00:00.000,"14676.0000",1
2018-07-31 00:00:00.000,"848906.4400",1
2018-07-31 00:00:00.000,"848906.4400",1
2018-07-31 00:00:00.000,"16478.7000",1
2018-07-31 00:00:00.000,"16478.7000",1
2018-07-31 00:00:00.000,"1387.2900",1
2018-07-31 00:00:00.000,"1387.2900",1
2018-08-21 00:00:00.000,"975194.2300",1
2018-08-21 00:00:00.000,"975194.2300",1
2018-08-21 00:00:00.000,"35108.6900",1
2018-08-21 00:00:00.000,"35108.6900",1
2018-08-21 00:00:00.000,"3243.1300",1
2018-08-21 00:00:00.000,"3243.1300",1
2018-08-21 00:00:00.000,"5893.2600",1
2018-08-21 00:00:00.000,"5893.2600",1
2018-08-21 00:00:00.000,"22.3000",1
2018-08-21 00:00:00.000,"22.3000",1
2018-08-21 00:00:00.000,"50092.6700",1
2018-08-21 00:00:00.000,"50092.6700",1
2018-08-21 00:00:00.000,"39621.0000",1
2018-08-21 00:00:00.000,"39621.0000",1
2018-08-21 00:00:00.000,"313800.0000",1
2018-08-21 00:00:00.000,"313800.0000",1
2018-08-21 00:00:00.000,"141210.0000",1
2018-08-21 00:00:00.000,"141210.0000",1
2018-08-21 00:00:00.000,"534.5000",1
2018-10-26 00:00:00.000,"202.1000",1
2018-10-29 00:00:00.000,"65.0000",1
2018-10-29 00:00:00.000,"65.0000",1
2018-10-29 00:00:00.000,"1500.0000",1
2018-10-29 00:00:00.000,"1000.0000",1
2018-10-29 00:00:00.000,"1250.0000",1
2018-10-30 00:00:00.000,"5115.5500",1
2018-10-30 00:00:00.000,"1.5000",1
2018-10-30 00:00:00.000,"13.0000",1
2018-12-17 00:00:00.000,"231.5200",1
2018-12-17 00:00:00.000,"185796.9900",1
2018-12-17 00:00:00.000,"2406.7000",1
2018-12-17 00:00:00.000,"2406.7000",1
2018-12-18 00:00:00.000,"134.2500",1
2018-12-18 00:00:00.000,"20.5000",1
2019-02-18 00:00:00.000,"134.2500",1
2019-02-19 00:00:00.000,"88.3700",1
2019-02-19 00:00:00.000,"45.8800",1
2019-02-19 00:00:00.000,"19.0300",1
2019-02-19 00:00:00.000,"3.9100",1
2019-02-19 00:00:00.000,"22.9400",1
2019-06-05 00:00:00.000,"15000.0000",1
2019-08-27 00:00:00.000,"60.5000",1
2019-08-27 00:00:00.000,"17.0500",1
2019-08-27 00:00:00.000,"17.0500",1
2019-08-27 00:00:00.000,"17.0500",1
2019-08-27 00:00:00.000,"17.0500",1
2019-08-27 00:00:00.000,"17.0500",1
2019-08-27 00:00:00.000,"17.0500",1
2019-08-27 00:00:00.000,"17.0500",1
2019-08-27 00:00:00.000,"35.0000",1
2019-08-27 00:00:00.000,"35.0000",1
2020-04-20 00:00:00.000,"22.9400",1
2020-04-28 00:00:00.000,"780.0000",1
2020-04-28 00:00:00.000,"578.5000",1
2020-04-28 00:00:00.000,"1324.8200",1
2020-04-28 00:00:00.000,"1324.8200",1
2020-04-28 00:00:00.000,"1324.8200",1
2020-04-28 00:00:00.000,"1324.8200",1
2020-04-28 00:00:00.000,"1324.8200",1
2020-04-28 00:00:00.000,"1324.8200",1
2020-04-28 00:00:00.000,"1324.8200",1
2020-04-28 00:00:00.000,"1324.8200",1
2020-04-28 00:00:00.000,"280.7100",1
2020-04-28 00:00:00.000,"280.7100",1
2020-04-28 00:00:00.000,"280.7100",1
2020-04-28 00:00:00.000,"287.2600",1
2020-04-28 00:00:00.000,"268.4000",1
2020-04-29 00:00:00.000,"6.2400",1
2020-04-29 00:00:00.000,"55086.1900",1
2020-04-29 00:00:00.000,"1905.1000",1
2020-04-29 00:00:00.000,"280.7100",1
2020-04-29 00:00:00.000,"6.2400",1
2020-04-29 00:00:00.000,"6.2400",1
2020-04-29 00:00:00.000,"6.2400",1
2020-04-29 00:00:00.000,"280.7100",1
2020-04-29 00:00:00.000,"6.2400",1
2020-04-29 00:00:00.000,"780.0000",1
2020-04-29 00:00:00.000,"6.2400",1
2020-04-29 00:00:00.000,"6.2400",1
2020-04-29 00:00:00.000,"12198.3400",1
2020-04-30 00:00:00.000,"235.4000",1
2020-04-30 00:00:00.000,"227.2000",1
2020-04-30 00:00:00.000,"227.2000",1
2020-04-30 00:00:00.000,"227.2000",1
2020-04-30 00:00:00.000,"235.4000",1
2020-04-30 00:00:00.000,"239.1000",1
2020-04-30 00:00:00.000,"227.2000",1
2020-04-30 00:00:00.000,"227.2000",1
2020-04-30 00:00:00.000,"227.2000",1
2020-04-30 00:00:00.000,"5613.0500",1
2020-04-30 00:00:00.000,"23.2800",1
2020-06-29 00:00:00.000,"3957.6000",1
2020-06-29 00:00:00.000,"828.8000",1
2020-06-29 00:00:00.000,"13.0000",1
2020-06-29 00:00:00.000,"13.0000",1
2020-06-29 00:00:00.000,"88.3700",1
2020-06-29 00:00:00.000,"1500.0000",1
2020-06-29 00:00:00.000,"494.7000",1
2020-06-29 00:00:00.000,"989.4000",1
2020-06-29 00:00:00.000,"4947.0000",1
2020-06-29 00:00:00.000,"4947.0000",1
2020-06-29 00:00:00.000,"494.7000",1
2020-06-29 00:00:00.000,"3957.6100",1
2020-06-29 00:00:00.000,"4947.0000",1
2020-06-29 00:00:00.000,"4947.0000",1
2020-06-29 00:00:00.000,"4452.3000",1
2020-06-29 00:00:00.000,"4699.6500",1
2020-06-29 00:00:00.000,"4452.3000",1
2020-06-29 00:00:00.000,"3957.6100",1
2020-06-30 00:00:00.000,"4848.0600",1
2020-07-03 00:00:00.000,"159.0000",1
2020-08-24 00:00:00.000,"4452.3000",1
2020-08-24 00:00:00.000,"4864.1200",1
2020-08-24 00:00:00.000,"500.0000",1
2020-08-24 00:00:00.000,"400.0000",1
2020-08-24 00:00:00.000,"400.0000",1
2020-08-24 00:00:00.000,"4204.9500",1
2020-08-24 00:00:00.000,"2349.8200",1
2020-08-25 00:00:00.000,"101.6100",1
2020-08-25 00:00:00.000,"1000.0000",1
2020-08-25 00:00:00.000,"200.0000",1
2020-08-25 00:00:00.000,"200.0000",1
2020-08-25 00:00:00.000,"500.0000",1
2020-08-26 00:00:00.000,"101.6100",1
2020-08-26 00:00:00.000,"58110.0000",1
2020-08-26 00:00:00.000,"6429.5500",1
2020-08-26 00:00:00.000,"63967.3900",1
2020-08-27 00:00:00.000,"101.6100",1
2020-08-28 00:00:00.000,"101.5900",1
2020-08-28 00:00:00.000,"58110.0000",1
2020-08-28 00:00:00.000,"3849.9000",1
2020-08-28 00:00:00.000,"2033.9000",1
2020-10-27 00:00:00.000,"58110.0000",1
2020-10-27 00:00:00.000,"27987.5000",1
2020-10-27 00:00:00.000,"13993.7500",1
2020-10-27 00:00:00.000,"13993.7500",1
2020-12-21 00:00:00.000,"12.0000",1
2021-02-05 00:00:00.000,"313.4500",1
2021-02-24 00:00:00.000,"369.9000",1
2021-02-24 00:00:00.000,"369.9000",1
2021-02-25 00:00:00.000,"369.9000",1
2021-02-25 00:00:00.000,"369.9000",1
2021-02-25 00:00:00.000,"130.0000",1
2021-02-25 00:00:00.000,"130.0000",1
2021-02-25 00:00:00.000,"130.0000",1
2021-02-25 00:00:00.000,"130.0000",1
2021-02-25 00:00:00.000,"130.0000",1
2021-02-25 00:00:00.000,"130.0000",1
2021-02-25 00:00:00.000,"21.6700",1
2021-02-25 00:00:00.000,"21.6700",1
2021-02-25 00:00:00.000,"21.6600",1
2021-02-25 00:00:00.000,"21.6700",1
2021-02-25 00:00:00.000,"21.6700",1
2021-02-25 00:00:00.000,"21.6600",1
2021-02-25 00:00:00.000,"32.5000",1
2021-02-25 00:00:00.000,"32.5000",1
2021-02-25 00:00:00.000,"32.5000",1
2021-02-25 00:00:00.000,"32.5000",1
2021-02-25 00:00:00.000,"369.9000",1
2021-02-25 00:00:00.000,"369.9000",1
2021-02-25 00:00:00.000,"32.5000",1
2021-02-25 00:00:00.000,"32.5000",1
2021-02-25 00:00:00.000,"32.5000",1
2021-02-25 00:00:00.000,"32.5000",1
2021-02-25 00:00:00.000,"426.2300",1
2021-02-25 00:00:00.000,"23.9200",1
2021-02-26 00:00:00.000,"369.9000",1
2021-02-26 00:00:00.000,"369.9000",1
2021-02-26 00:00:00.000,"369.9000",1
2021-02-26 00:00:00.000,"369.9000",1
2021-02-26 00:00:00.000,"369.9000",1
2021-02-26 00:00:00.000,"369.9000",1
2021-02-26 00:00:00.000,"369.9000",1
2021-02-26 00:00:00.000,"369.9000",1
2021-02-26 00:00:00.000,"369.9000",1
2021-02-26 00:00:00.000,"369.9000",1
2021-02-26 00:00:00.000,"369.9000",1
2021-02-26 00:00:00.000,"369.9000",1
2021-02-26 00:00:00.000,"426.2300",1
2021-02-26 00:00:00.000,"11.9600",1
2021-02-26 00:00:00.000,"14.3000",1
2021-03-01 00:00:00.000,"663.3000",1
2021-03-01 00:00:00.000,"663.3000",1
2021-03-01 00:00:00.000,"663.3000",1
2021-03-01 00:00:00.000,"663.3000",1
2021-03-01 00:00:00.000,"659.5500",1
2021-03-01 00:00:00.000,"659.5400",1
2021-03-01 00:00:00.000,"659.5500",1
2021-03-01 00:00:00.000,"659.5400",1
2021-03-01 00:00:00.000,"32.5000",1
2021-03-01 00:00:00.000,"32.5000",1
2021-03-01 00:00:00.000,"32.5000",1
2021-03-01 00:00:00.000,"32.5000",1
2021-03-01 00:00:00.000,"369.9000",1
2021-03-01 00:00:00.000,"369.9000",1
2021-03-02 00:00:00.000,"32.5000",1
2021-03-02 00:00:00.000,"32.5000",1
2021-03-03 00:00:00.000,"32.5000",1
2021-03-03 00:00:00.000,"32.5000",1
2021-03-03 00:00:00.000,"32.5000",1
2021-03-03 00:00:00.000,"32.5000",1
2021-03-03 00:00:00.000,"32.5000",1
2021-03-03 00:00:00.000,"32.5000",1
2021-03-11 00:00:00.000,"79.4100",1
2021-03-11 00:00:00.000,"44.1200",1
2021-03-11 00:00:00.000,"26.4700",1
2021-03-11 00:00:00.000,"110.0300",1
2021-03-11 00:00:00.000,"35.8800",1
2021-03-11 00:00:00.000,"9.9700",1
2021-03-11 00:00:00.000,"100.0000",1
2021-03-11 00:00:00.000,"50.0000",1
2021-03-11 00:00:00.000,"50.0000",1
2021-04-26 00:00:00.000,"0.7700",1
2021-04-26 00:00:00.000,"0.7600",1
2021-04-26 00:00:00.000,"660.3100",1
2021-04-26 00:00:00.000,"660.3100",1
2021-04-26 00:00:00.000,"663.3000",1
2021-04-26 00:00:00.000,"663.3000",1
2021-04-26 00:00:00.000,"659.5500",1
2021-04-26 00:00:00.000,"659.5400",1
2021-04-26 00:00:00.000,"659.5500",1
2021-04-26 00:00:00.000,"659.5400",1
2021-04-28 00:00:00.000,"393.1500",1
2021-04-28 00:00:00.000,"393.1500",1
2021-04-28 00:00:00.000,"393.1500",1
2021-04-28 00:00:00.000,"393.1500",1
2021-04-28 00:00:00.000,"393.1500",1
2021-04-28 00:00:00.000,"393.1500",1
2021-04-28 00:00:00.000,"393.1500",1
2021-04-28 00:00:00.000,"393.1500",1
2021-04-28 00:00:00.000,"393.1500",1
2021-04-28 00:00:00.000,"393.1500",1
2021-04-28 00:00:00.000,"393.1500",1
2021-04-28 00:00:00.000,"393.1500",1
2021-04-28 00:00:00.000,"393.1500",1
2021-04-28 00:00:00.000,"393.1500",1
2021-04-28 00:00:00.000,"393.1500",1
2021-04-28 00:00:00.000,"393.1500",1
2021-04-28 00:00:00.000,"393.1500",1
2021-04-28 00:00:00.000,"393.1500",1
2021-04-29 00:00:00.000,"393.1500",1
2021-04-29 00:00:00.000,"393.1500",1
2021-04-29 00:00:00.000,"393.1500",1
2021-04-29 00:00:00.000,"393.1500",1
2021-04-29 00:00:00.000,"393.1500",1
2021-04-29 00:00:00.000,"393.1500",1
2021-04-29 00:00:00.000,"393.1500",1
2021-04-29 00:00:00.000,"393.1500",1
2021-04-29 00:00:00.000,"393.1500",1
2021-04-29 00:00:00.000,"393.1500",1
2021-04-29 00:00:00.000,"393.1500",1
2021-04-29 00:00:00.000,"393.1500",1
2021-04-29 00:00:00.000,"393.1500",1
2021-04-29 00:00:00.000,"393.1500",1
2021-04-29 00:00:00.000,"393.1500",1
2021-04-29 00:00:00.000,"393.1500",1
2021-04-29 00:00:00.000,"393.1500",1
2021-04-29 00:00:00.000,"393.1500",1
2021-04-29 00:00:00.000,"393.1500",1
2021-04-29 00:00:00.000,"393.1500",1
2021-04-30 00:00:00.000,"393.1500",1
2021-04-30 00:00:00.000,"393.1500",1
2021-04-30 00:00:00.000,"393.1500",1
2021-04-30 00:00:00.000,"393.1500",1
2021-04-30 00:00:00.000,"393.1500",1
2021-04-30 00:00:00.000,"393.1500",1
2021-05-04 00:00:00.000,"2.3300",1
2021-05-04 00:00:00.000,"2.3300",1
2021-06-02 00:00:00.000,"4956.1300",1
2021-06-02 00:00:00.000,"4956.1300",1
2021-06-02 00:00:00.000,"81.9800",1
2021-06-02 00:00:00.000,"81.9800",1
2021-06-02 00:00:00.000,"81.9800",1
2021-06-02 00:00:00.000,"362.0300",1
2021-06-02 00:00:00.000,"362.0300",1
2021-06-08 00:00:00.000,"532.7900",1
2021-06-08 00:00:00.000,"14269.8700",1
2021-06-08 00:00:00.000,"14269.8700",1
2021-06-08 00:00:00.000,"10.0000",1
2021-06-08 00:00:00.000,"10.0000",1
2021-06-09 00:00:00.000,"436.3000",1
2021-06-09 00:00:00.000,"436.3000",1
2021-06-09 00:00:00.000,"200.0000",1
2021-06-11 00:00:00.000,"36.3900",1
2021-06-11 00:00:00.000,"36.3900",1
2021-06-11 00:00:00.000,"100.0000",1
2021-06-11 00:00:00.000,"100.0000",1
2021-06-12 00:00:00.000,"748.6000",1
2021-06-12 00:00:00.000,"748.6000",1
2021-06-12 00:00:00.000,"177.0000",1
2021-06-12 00:00:00.000,"200.0000",1
2021-06-21 00:00:00.000,"108.1000",1
2021-06-21 00:00:00.000,"108.1000",1
2021-06-22 00:00:00.000,"49567.0000",1
2021-06-23 00:00:00.000,"95.9600",1
2021-06-25 00:00:00.000,"356.4600",1
2021-06-25 00:00:00.000,"356.4600",1
2021-07-07 00:00:00.000,"6.5000",1
2021-07-07 00:00:00.000,"6.5000",1
2021-07-07 00:00:00.000,"6.5000",1
2021-07-14 00:00:00.000,"220.5000",1
2021-07-14 00:00:00.000,"220.5000",1
2021-07-15 00:00:00.000,"200.0000",1
2021-07-20 00:00:00.000,"220.5000",1
2021-07-20 00:00:00.000,"220.5000",1
2021-07-20 00:00:00.000,"120.0000",1
2021-07-21 00:00:00.000,"280.0500",1
2021-07-21 00:00:00.000,"280.0500",1
2021-07-21 00:00:00.000,"100.0000",1
2021-07-22 00:00:00.000,"2667.6000",1
2021-07-22 00:00:00.000,"100.0000",1
2021-07-27 00:00:00.000,"80.3400",1
2021-07-27 00:00:00.000,"40.1700",1
2021-07-27 00:00:00.000,"40.1700",1
2021-08-02 00:00:00.000,"80.3400",1
2021-08-02 00:00:00.000,"80.3400",1
2021-08-02 00:00:00.000,"80.3400",1
2021-08-02 00:00:00.000,"80.3400",1
2021-08-02 00:00:00.000,"20.5000",1
2021-08-02 00:00:00.000,"100.0000",1
2021-08-03 00:00:00.000,"50.0000",1
2021-08-03 00:00:00.000,"150.0000",1
2021-08-03 00:00:00.000,"50.0000",1
2021-08-04 00:00:00.000,"40.1700",1
2021-08-05 00:00:00.000,"3535.5700",1
2021-08-05 00:00:00.000,"20.0000",1
2021-08-06 00:00:00.000,"200.0000",1
2021-09-01 00:00:00.000,"249.0000",1
2021-09-01 00:00:00.000,"20.5000",1
2021-09-09 00:00:00.000,"10.0000",1
2021-09-09 00:00:00.000,"10.0000",1
2021-09-09 00:00:00.000,"10.0000",1
2021-09-09 00:00:00.000,"10.0000",1
2021-09-09 00:00:00.000,"20.5000",1
2021-09-10 00:00:00.000,"20.0000",1
2021-09-10 00:00:00.000,"20.0000",1
2021-09-17 00:00:00.000,"20.0000",1
2021-09-27 00:00:00.000,"1149.4000",1
2021-10-01 00:00:00.000,"20.0000",1
2021-10-11 00:00:00.000,"280.0500",1
2021-10-26 00:00:00.000,"2598.8200",1
2021-10-26 00:00:00.000,"700.0000",1
2021-10-26 00:00:00.000,"100.0000",1
2021-11-16 00:00:00.000,"0.0100",1
2021-11-16 00:00:00.000,"0.0200",1
2021-11-16 00:00:00.000,"0.0100",1
2021-11-16 00:00:00.000,"0.0100",1
2021-11-16 00:00:00.000,"0.0100",1
2021-11-16 00:00:00.000,"0.0100",1
2021-11-17 00:00:00.000,"0.0100",1
2021-11-17 00:00:00.000,"0.0100",1
2021-11-17 00:00:00.000,"0.0100",1
2021-11-17 00:00:00.000,"0.0100",1
2021-11-17 00:00:00.000,"0.0200",1
2021-11-17 00:00:00.000,"0.0100",1
2021-11-17 00:00:00.000,"0.0100",1
2021-11-17 00:00:00.000,"2.0000",1
2021-11-17 00:00:00.000,"2.0000",1
2021-11-17 00:00:00.000,"2.0000",1
2021-11-17 00:00:00.000,"2.0000",1
2021-11-17 00:00:00.000,"2.0000",1
2021-11-17 00:00:00.000,"0.0100",1
2021-11-17 00:00:00.000,"0.0500",1
2021-11-17 00:00:00.000,"0.0100",1
2021-11-17 00:00:00.000,"0.0100",1
2021-11-17 00:00:00.000,"0.0200",1
2021-11-17 00:00:00.000,"0.0100",1
2021-12-17 00:00:00.000,"100.0000",1
2021-12-17 00:00:00.000,"150.0000",1
2021-12-17 00:00:00.000,"30.0000",1
2021-12-17 00:00:00.000,"150.0000",1
2021-12-17 00:00:00.000,"200.0000",1
2021-12-17 00:00:00.000,"200.0000",1
2021-12-22 00:00:00.000,"280.0500",1
2021-12-22 00:00:00.000,"280.0500",1
2022-01-11 00:00:00.000,"280.0500",1
2022-01-11 00:00:00.000,"280.0500",1
2022-01-11 00:00:00.000,"280.0500",1
2022-02-16 00:00:00.000,"187.3000",1
2022-06-10 00:00:00.000,"23.2800",1
2022-06-11 00:00:00.000,"23.2800",1
2022-06-12 00:00:00.000,"23.2800",1
2022-06-12 00:00:00.000,"2327.8900",1
2022-06-13 00:00:00.000,"23.2800",1
2022-06-14 00:00:00.000,"1826.0000",1
2022-06-14 00:00:00.000,"360.2100",1
2022-06-14 00:00:00.000,"9749.1500",1
2022-06-14 00:00:00.000,"540.3200",1
2022-06-14 00:00:00.000,"1020.6100",1
2022-06-17 00:00:00.000,"23.2800",1
2022-06-18 00:00:00.000,"23.2800",1
2022-06-19 00:00:00.000,"23.2800",1
2022-06-20 00:00:00.000,"23.2800",1
2022-06-29 00:00:00.000,"93.6500",1
2022-06-29 00:00:00.000,"93.6500",1
2022-06-29 00:00:00.000,"93.6500",1
2022-06-29 00:00:00.000,"23.2800",1
2022-06-30 00:00:00.000,"23.2800",1
2022-06-30 00:00:00.000,"93.6500",1
2022-07-01 00:00:00.000,"7.6800",1
2022-07-01 00:00:00.000,"74.9200",1
2022-07-01 00:00:00.000,"23.2800",1
2022-07-06 00:00:00.000,"100.0000",1
2022-07-06 00:00:00.000,"100.0000",1
2022-07-06 00:00:00.000,"100.0000",1
2022-07-06 00:00:00.000,"0.5000",1
2022-07-06 00:00:00.000,"0.5000",1
2022-07-06 00:00:00.000,"0.5000",1
2022-07-06 00:00:00.000,"100.0000",1
2022-07-06 00:00:00.000,"100.0000",1
2022-07-06 00:00:00.000,"100.0000",1
2022-07-06 00:00:00.000,"100.0000",1
2022-07-06 00:00:00.000,"100.0000",1
2022-07-06 00:00:00.000,"100.0000",1
2022-07-06 00:00:00.000,"0.5000",1
2022-07-06 00:00:00.000,"0.5000",1
2022-07-06 00:00:00.000,"1.0000",1
2022-07-06 00:00:00.000,"100.0000",1
2022-07-06 00:00:00.000,"100.0000",1
2022-07-06 00:00:00.000,"100.0000",1
2022-07-06 00:00:00.000,"100.0000",1
2022-07-06 00:00:00.000,"100.0000",1
2022-07-06 00:00:00.000,"100.0000",1
2022-07-06 00:00:00.000,"100.0000",1
2022-07-06 00:00:00.000,"100.0000",1
2022-07-06 00:00:00.000,"100.0000",1
2022-07-06 00:00:00.000,"100.0000",1
2022-07-06 00:00:00.000,"100.0000",1
2022-07-06 00:00:00.000,"100.0000",1
2022-07-06 00:00:00.000,"100.0000",1
2022-07-06 00:00:00.000,"100.0000",1
2022-07-06 00:00:00.000,"100.0000",1
2022-07-07 00:00:00.000,"23.2800",1
2022-07-08 00:00:00.000,"74.9200",1
2022-07-08 00:00:00.000,"74.9200",1
2022-07-08 00:00:00.000,"74.9200",1
2022-07-08 00:00:00.000,"23.2800",1
2022-07-09 00:00:00.000,"23.2800",1
2022-07-10 00:00:00.000,"23.2800",1
2022-07-11 00:00:00.000,"23.2800",1
2022-07-12 00:00:00.000,"23.2800",1
2022-07-18 00:00:00.000,"23.2800",1
2022-07-19 00:00:00.000,"23.2800",1
2022-07-20 00:00:00.000,"23.2800",1
2022-07-21 00:00:00.000,"23.2800",1
2022-07-22 00:00:00.000,"23.2800",1
2022-07-22 00:00:00.000,"19.0800",1
2022-07-23 00:00:00.000,"23.2800",1
2022-07-24 00:00:00.000,"23.2800",1
2022-07-25 00:00:00.000,"23.2800",1
2022-07-26 00:00:00.000,"23.2800",1
2022-07-27 00:00:00.000,"23.2800",1
2022-07-28 00:00:00.000,"23.2800",1
2022-07-28 00:00:00.000,"140.0000",1
2022-07-28 00:00:00.000,"1.0000",1
2022-07-28 00:00:00.000,"10.0000",1
2022-07-28 00:00:00.000,"150.0000",1
2022-07-28 00:00:00.000,"150.0000",1
2022-07-28 00:00:00.000,"150.0000",1
2022-07-28 00:00:00.000,"200.0000",1
2022-07-28 00:00:00.000,"200.0000",1
2022-07-28 00:00:00.000,"200.0000",1
2022-07-28 00:00:00.000,"15.0000",1
2022-07-28 00:00:00.000,"15.0000",1
2022-07-28 00:00:00.000,"15.0000",1
2022-07-28 00:00:00.000,"15.0000",1
2022-07-29 00:00:00.000,"23.2800",1
2022-07-29 00:00:00.000,"99.0000",1
2022-07-29 00:00:00.000,"100.0000",1
2022-07-29 00:00:00.000,"3.0000",1
2022-07-29 00:00:00.000,"100.0000",1
2022-07-29 00:00:00.000,"10.0000",1
2022-07-29 00:00:00.000,"10.0000",1
2022-07-29 00:00:00.000,"10.0000",1
2022-07-29 00:00:00.000,"10.0000",1
2022-07-29 00:00:00.000,"5.0000",1
2022-07-29 00:00:00.000,"5.0000",1
2022-07-29 00:00:00.000,"10.0000",1
2022-07-29 00:00:00.000,"10.0000",1
2022-07-29 00:00:00.000,"90.0000",1
2022-07-30 00:00:00.000,"23.2800",1
2022-07-31 00:00:00.000,"23.2800",1
2022-07-31 00:00:00.000,"23.2800",1
2022-07-31 00:00:00.000,"23.2800",1
2022-08-01 00:00:00.000,"5.0000",1
2022-08-01 00:00:00.000,"23.2800",1
2022-08-01 00:00:00.000,"100.0000",1
2022-08-01 00:00:00.000,"100.0000",1
2022-08-01 00:00:00.000,"100.0000",1
2022-08-01 00:00:00.000,"100.0000",1
2022-08-01 00:00:00.000,"20.0000",1
2022-08-01 00:00:00.000,"20.0000",1
2022-08-01 00:00:00.000,"10.0000",1
2022-08-01 00:00:00.000,"20.0000",1
2022-08-01 00:00:00.000,"6.3500",1
2022-08-01 00:00:00.000,"6.3500",1
2022-08-01 00:00:00.000,"6.3500",1
2022-08-01 00:00:00.000,"0.9500",1
2022-08-01 00:00:00.000,"20.0000",1
2022-08-01 00:00:00.000,"20.0000",1
2022-08-01 00:00:00.000,"20.0000",1
2022-08-01 00:00:00.000,"20.0000",1
2022-08-01 00:00:00.000,"20.0000",1
2022-08-01 00:00:00.000,"2.0000",1
2022-08-01 00:00:00.000,"3.0000",1
2022-08-01 00:00:00.000,"5.0000",1
2022-08-01 00:00:00.000,"10.0000",1
2022-08-01 00:00:00.000,"5.0000",1
2022-08-01 00:00:00.000,"5.0000",1
2022-08-01 00:00:00.000,"5.0000",1
2022-08-01 00:00:00.000,"10.0000",1
2022-08-01 00:00:00.000,"5.0000",1
2022-08-01 00:00:00.000,"10.0000",1
2022-08-01 00:00:00.000,"5.0000",1
2022-08-01 00:00:00.000,"5.0000",1
2022-08-01 00:00:00.000,"10.0000",1
2022-08-01 00:00:00.000,"5.0000",1
2022-08-01 00:00:00.000,"5.0000",1
2022-08-01 00:00:00.000,"8.0000",1
2022-08-01 00:00:00.000,"2.0000",1
2022-08-01 00:00:00.000,"3.0000",1
2022-08-01 00:00:00.000,"2.0000",1
2022-08-01 00:00:00.000,"1.0000",1
2022-08-01 00:00:00.000,"1.0000",1
2022-08-01 00:00:00.000,"1.0000",1
2022-08-01 00:00:00.000,"7.0000",1
2022-08-01 00:00:00.000,"20.0000",1
2022-08-01 00:00:00.000,"2.0000",1
2022-08-01 00:00:00.000,"2.0000",1
2022-08-01 00:00:00.000,"3.0000",1
2022-08-01 00:00:00.000,"1.0000",1
2022-08-01 00:00:00.000,"100.0000",1
2022-08-01 00:00:00.000,"4.5000",1
2022-08-01 00:00:00.000,"30.0000",1
2022-08-01 00:00:00.000,"10.5000",1
2022-08-02 00:00:00.000,"23.2800",1
2022-08-04 00:00:00.000,"23.2800",1
2022-08-04 00:00:00.000,"5.0000",1
2022-08-05 00:00:00.000,"23.2800",1
2022-08-06 00:00:00.000,"23.2800",1
2022-08-07 00:00:00.000,"23.2800",1
2022-08-09 00:00:00.000,"23.2800",1
2022-08-09 00:00:00.000,"100.0000",1
2022-08-09 00:00:00.000,"50.0000",1
2022-08-09 00:00:00.000,"200.0000",1
2022-08-09 00:00:00.000,"200.0000",1
2022-08-10 00:00:00.000,"23.2800",1
2022-08-11 00:00:00.000,"11.9300",1
2022-08-11 00:00:00.000,"11.9200",1
2022-08-11 00:00:00.000,"11.9300",1
2022-08-11 00:00:00.000,"28.6200",1
2022-08-11 00:00:00.000,"23.2800",1
2022-08-12 00:00:00.000,"23.2800",1
2022-08-13 00:00:00.000,"23.2800",1
2022-08-14 00:00:00.000,"23.2800",1
2022-08-15 00:00:00.000,"23.2800",1
2022-08-16 00:00:00.000,"23.2800",1
2022-08-16 00:00:00.000,"110.0000",1
2022-08-17 00:00:00.000,"23.2800",1
2022-08-19 00:00:00.000,"23.2800",1
2022-08-20 00:00:00.000,"23.2800",1
2022-08-21 00:00:00.000,"23.2800",1
2022-08-23 00:00:00.000,"23.2800",1
2022-08-23 00:00:00.000,"23.2800",1
2022-08-23 00:00:00.000,"23.2800",1
2022-08-24 00:00:00.000,"23.2800",1
2022-08-25 00:00:00.000,"23.2800",1
2022-08-26 00:00:00.000,"23.2800",1
2022-08-27 00:00:00.000,"23.2800",1
2022-08-28 00:00:00.000,"23.2800",1
2022-09-02 00:00:00.000,"23.2800",1
2022-09-05 00:00:00.000,"23.2800",1
2022-09-05 00:00:00.000,"500.0000",1
2022-09-06 00:00:00.000,"23.2800",1
2022-09-07 00:00:00.000,"23.2800",1
2022-09-08 00:00:00.000,"23.2800",1
2022-09-08 00:00:00.000,"5000.0000",1
2022-09-08 00:00:00.000,"5000.0000",1
2022-09-09 00:00:00.000,"1000.0000",1
2022-09-09 00:00:00.000,"1000.0000",1
2022-09-09 00:00:00.000,"1000.0000",1
2022-09-09 00:00:00.000,"1000.0000",1
2022-09-09 00:00:00.000,"1000.0000",1
2022-09-09 00:00:00.000,"1000.0000",1
2022-09-09 00:00:00.000,"1000.0000",1
2022-09-09 00:00:00.000,"1000.0000",1
2022-09-09 00:00:00.000,"1000.0000",1
2022-09-09 00:00:00.000,"1000.0000",1
2022-09-09 00:00:00.000,"23.2800",1
2022-09-09 00:00:00.000,"10000.0000",1
2022-09-09 00:00:00.000,"10000.0000",1
2022-09-09 00:00:00.000,"10000.0000",1
2022-09-09 00:00:00.000,"10000.0000",1
2022-09-09 00:00:00.000,"40000.0000",1
2022-09-10 00:00:00.000,"23.2800",1
2022-09-11 00:00:00.000,"23.2800",1
2022-09-12 00:00:00.000,"23.2800",1
2022-09-29 00:00:00.000,"23.2800",1
2022-09-29 00:00:00.000,"23.2800",1
2022-09-29 00:00:00.000,"1000.0000",1
2022-09-29 00:00:00.000,"1000.0000",1
2022-09-29 00:00:00.000,"1000.0000",1
2022-09-29 00:00:00.000,"1000.0000",1
2022-09-29 00:00:00.000,"1000.0000",1
2022-09-30 00:00:00.000,"500.0000",1
2022-09-30 00:00:00.000,"500.0000",1
2022-10-03 00:00:00.000,"750.0000",1
2022-10-03 00:00:00.000,"750.0000",1
2022-10-05 00:00:00.000,"28.4800",1
2022-10-06 00:00:00.000,"34.8200",1
2022-10-07 00:00:00.000,"42.5800",1
2022-10-08 00:00:00.000,"52.0700",1
2022-10-09 00:00:00.000,"63.6800",1
2022-10-10 00:00:00.000,"77.8800",1
2022-10-11 00:00:00.000,"500.0000",1
2022-10-11 00:00:00.000,"1000.0000",1
2022-10-11 00:00:00.000,"95.2400",1
2022-10-12 00:00:00.000,"116.4600",1
2022-10-13 00:00:00.000,"200.0000",1
2022-10-13 00:00:00.000,"200.0000",1
2022-10-13 00:00:00.000,"100.0000",1
2022-10-13 00:00:00.000,"142.4200",1
2022-10-13 00:00:00.000,"2500.0000",1
2022-10-13 00:00:00.000,"2500.0000",1
2022-10-13 00:00:00.000,"2500.0000",1
2022-10-13 00:00:00.000,"2500.0000",1
2022-10-14 00:00:00.000,"174.1600",1
2022-10-15 00:00:00.000,"42.9300",1
2022-10-15 00:00:00.000,"212.9700",1
2022-10-16 00:00:00.000,"260.4400",1
2022-10-17 00:00:00.000,"318.4800",1
2022-10-18 00:00:00.000,"389.4600",1
2022-10-19 00:00:00.000,"476.2500",1
2022-10-20 00:00:00.000,"582.3700",1
2022-10-20 00:00:00.000,"500.0000",1
2022-10-20 00:00:00.000,"500.0000",1
2022-10-21 00:00:00.000,"712.1500",1
2022-10-22 00:00:00.000,"870.8600",1
2022-10-23 00:00:00.000,"1064.9300",1
2022-10-24 00:00:00.000,"1302.2500",1
2022-10-25 00:00:00.000,"1592.4700",1
2022-10-26 00:00:00.000,"1947.3700",1
2022-10-27 00:00:00.000,"2381.3500",1
2022-10-28 00:00:00.000,"500.0000",1
2022-10-28 00:00:00.000,"2912.0600",1
2022-10-29 00:00:00.000,"45.0000",1
2022-10-30 00:00:00.000,"45.0000",1
2022-10-31 00:00:00.000,"3561.0500",1
2022-10-31 00:00:00.000,"4354.6600",1
2022-11-01 00:00:00.000,"5325.1300",1
2022-11-01 00:00:00.000,"100.0000",1
2022-11-01 00:00:00.000,"100.0000",1
2022-11-01 00:00:00.000,"100.0000",1
2022-11-01 00:00:00.000,"100.0000",1
2022-11-01 00:00:00.000,"100.0000",1
2022-11-01 00:00:00.000,"500.0000",1
2022-11-01 00:00:00.000,"500.0000",1
2022-11-01 00:00:00.000,"300.0000",1
2022-11-01 00:00:00.000,"300.0000",1
2022-11-01 00:00:00.000,"300.0000",1
2022-11-01 00:00:00.000,"300.0000",1
2022-11-01 00:00:00.000,"300.0000",1
2022-11-01 00:00:00.000,"133.8000",1
2022-11-01 00:00:00.000,"2500.0000",1
2022-11-01 00:00:00.000,"2366.2000",1
2022-11-01 00:00:00.000,"100.0000",1
2022-11-01 00:00:00.000,"100.0000",1
2022-11-01 00:00:00.000,"100.0000",1
2022-11-01 00:00:00.000,"100.0000",1
2022-11-02 00:00:00.000,"6511.8700",1
2022-11-03 00:00:00.000,"7963.0800",1
2022-11-03 00:00:00.000,"9737.7100",1
2022-11-04 00:00:00.000,"11907.8200",1
2022-11-04 00:00:00.000,"11907.8200",1
2022-11-05 00:00:00.000,"14561.5600",1
2022-11-06 00:00:00.000,"17806.7100",1
2022-11-07 00:00:00.000,"21775.0600",1
2022-11-22 00:00:00.000,"26627.7900",1
2022-11-23 00:00:00.000,"32561.9900",1
2022-11-23 00:00:00.000,"1460.0000",1
2022-11-24 00:00:00.000,"39818.6600",1
2022-11-25 00:00:00.000,"48692.5300",1
2022-11-26 00:00:00.000,"59544.0100",1
2022-11-27 00:00:00.000,"72813.8200",1
2022-11-28 00:00:00.000,"89040.8900",1
2022-11-29 00:00:00.000,"500.0000",1
2022-11-29 00:00:00.000,"500.0000",1
2022-11-29 00:00:00.000,"108884.2800",1
2022-11-30 00:00:00.000,"133149.9200",1
2023-07-01 00:00:00.000,"10.0000",1
2023-08-01 00:00:00.000,"30000.0000",1
2023-08-11 00:00:00.000,"120.0000",1
2023-08-30 00:00:00.000,"10.0000",1
2023-09-11 00:00:00.000,"8.0000",1
2023-09-12 00:00:00.000,"59.4000",1
2023-09-12 00:00:00.000,"60.6000",1
2023-10-01 00:00:00.000,"120.0000",1
2023-10-01 00:00:00.000,"120.0000",1
2023-10-01 00:00:00.000,"120.0000",1
2023-10-01 00:00:00.000,"120.0000",1
2023-11-01 00:00:00.000,"120.0000",1
2023-11-03 00:00:00.000,"800.0000",1
2023-11-05 00:00:00.000,"1200.0000",1
2023-11-06 00:00:00.000,"30.0000",1
2023-11-07 00:00:00.000,"641.6500",1
2023-11-08 00:00:00.000,"50.0000",1
2023-11-30 00:00:00.000,"1.0000",1
2023-12-01 00:00:00.000,"120.0000",1
2023-12-01 00:00:00.000,"360.0000",1
2023-12-01 00:00:00.000,"120.0000",1
2023-12-01 00:00:00.000,"24.0000",1
2023-12-01 00:00:00.000,"24.0000",1
2023-12-01 00:00:00.000,"24.0000",1
2023-12-01 00:00:00.000,"24.0000",1
2023-12-01 00:00:00.000,"24.0000",1
2023-12-14 00:00:00.000,"150.0000",1
2023-12-18 00:00:00.000,"120.0000",1
2023-12-20 00:00:00.000,"13.0000",1
2024-01-02 00:00:00.000,"25.0000",1
2024-01-02 00:00:00.000,"125.0000",1
2024-01-03 00:00:00.000,"5.0000",1
2024-01-10 00:00:00.000,"0.5000",1
2024-01-10 00:00:00.000,"0.2000",1
2024-01-10 00:00:00.000,"0.3000",1
2024-01-10 00:00:00.000,"5.0000",1
2024-01-10 00:00:00.000,"3.0000",1
2024-01-10 00:00:00.000,"2.0000",1
2024-01-20 00:00:00.000,"40.0000",1
2024-01-20 00:00:00.000,"40.0000",1
2024-01-20 00:00:00.000,"40.0000",1
2024-03-07 00:00:00.000,"128523.0900",1
2024-03-07 00:00:00.000,"105100.6600",1
2024-03-07 00:00:00.000,"105100.6600",1
2024-03-08 00:00:00.000,"443.2500",1
2024-04-04 00:00:00.000,"65.4800",1
2024-04-04 00:00:00.000,"26.0700",1
2024-04-08 00:00:00.000,"8.6000",1
2024-04-09 00:00:00.000,"138.9500",1
2024-04-10 00:00:00.000,"42.7200",1
2024-04-10 00:00:00.000,"138.9500",1
2024-04-10 00:00:00.000,"13.8600",1
2024-04-10 00:00:00.000,"42.7200",1
2024-04-12 00:00:00.000,"56.5800",1
2024-04-15 00:00:00.000,"12.7200",1
2024-04-17 00:00:00.000,"12.7200",1
2024-04-24 00:00:00.000,"37.5000",1
2024-04-25 00:00:00.000,"56.5800",1
2024-04-25 00:00:00.000,"56.5800",1
2024-04-25 00:00:00.000,"26.0700",1
2024-04-25 00:00:00.000,"26.0700",1
2024-04-26 00:00:00.000,"26.0700",1
2024-04-26 00:00:00.000,"26.0700",1
2024-05-02 00:00:00.000,"56.5800",1
2024-05-02 00:00:00.000,"26.0700",1
2024-05-02 00:00:00.000,"26.0700",1
2024-05-02 00:00:00.000,"56.5800",1
2024-05-02 00:00:00.000,"26.0700",1
2024-05-02 00:00:00.000,"26.0700",1
2024-05-03 00:00:00.000,"26.0700",1
2024-05-03 00:00:00.000,"26.0700",1
2024-05-03 00:00:00.000,"26.0700",1
2024-05-03 00:00:00.000,"26.0700",1
2024-05-03 00:00:00.000,"26.0700",1
2024-05-03 00:00:00.000,"9288.0000",1
2024-05-03 00:00:00.000,"4644.0000",1
2024-05-07 00:00:00.000,"1325.0000",1
2024-05-07 00:00:00.000,"9288.0000",1
2024-05-07 00:00:00.000,"25.8000",1
2024-05-07 00:00:00.000,"651.7500",1
2024-05-07 00:00:00.000,"15481.2500",1
2024-05-09 00:00:00.000,"56.5800",1
2024-05-09 00:00:00.000,"56.5800",1
2024-05-09 00:00:00.000,"15481.2500",1
2024-05-24 00:00:00.000,"10.0000",1
2024-05-28 00:00:00.000,"14591.5000",1
2024-05-28 00:00:00.000,"973.7500",1
2024-05-29 00:00:00.000,"35.0000",1
2024-05-29 00:00:00.000,"17.5000",1
2024-05-29 00:00:00.000,"17.5000",1
2024-05-31 00:00:00.000,"27626.5000",1
2024-07-24 00:00:00.000,"100.0000",1
2024-07-24 00:00:00.000,"112.0000",1
2024-07-24 00:00:00.000,"120.0000",1
2024-07-24 00:00:00.000,"1.0000",1
2024-07-24 00:00:00.000,"120.0000",1
2024-07-24 00:00:00.000,"120.0000",1
2024-07-24 00:00:00.000,"120.0000",1
2024-07-24 00:00:00.000,"98.9200",1
2024-07-24 00:00:00.000,"21.0800",1
2024-07-25 00:00:00.000,"120.0000",1
2024-07-25 00:00:00.000,"2.2400",1
2024-07-25 00:00:00.000,"2.2400",1
2024-07-25 00:00:00.000,"2.2400",1
2024-07-25 00:00:00.000,"2.2400",1
2024-08-01 00:00:00.000,"10.0000",1
2024-08-01 00:00:00.000,"10.0000",1
2024-08-01 00:00:00.000,"1000.0000",1
2024-08-05 00:00:00.000,"1000.0000",1
2024-08-05 00:00:00.000,"1000.0000",1
2024-08-14 00:00:00.000,"95.9600",1
2024-08-19 00:00:00.000,"0.0700",1
2024-08-19 00:00:00.000,"0.0700",1
2024-08-19 00:00:00.000,"0.0700",1
2024-08-20 00:00:00.000,"0.0700",1
2024-08-20 00:00:00.000,"0.0700",1
2024-08-20 00:00:00.000,"0.0700",1
2024-08-20 00:00:00.000,"1.4000",1
2024-08-20 00:00:00.000,"0.7000",1
2024-08-22 00:00:00.000,"0.7000",1
2024-08-30 00:00:00.000,"12.7200",1
2024-08-30 00:00:00.000,"12.7200",1
2024-08-30 00:00:00.000,"12.7200",1
2024-09-03 00:00:00.000,"12.7200",1
2024-09-05 00:00:00.000,"305.4100",1
2024-09-12 00:00:00.000,"35.0000",1
2024-09-12 00:00:00.000,"42.0000",1
2024-09-13 00:00:00.000,"316.1300",1
2024-10-03 00:00:00.000,"25.0000",1
